,ID,Tên quán,Đánh giá,Sáng/Trưa/Tối,Giờ mở cửa,Giá tiền,Địa chỉ,Media,Lat,Lon,TestLat,TestLon
Phường 1,E001,The Lam,4.6,Tối,04:00 - 21:30,100.000,"35 Đường Lý Tự Trọng, Phường 1 Cũ, Đà Lạt, Lâm Đồng, Việt Nam",https://www.tiktok.com/@thelam35lytutrong/video/7564221039358561544?is_from_webapp=1&sender_device=pc&web_id=7565430107423360530,"11,9464512","108,4381986","11,9464512","108,4381986"
,E002,Cơm Tấm Sà Bì Chưởng - Đà Lạt,4.7,Sáng/Trưa/Tối,08:00 - 20:00,100.000,"1F Nam Kỳ Khởi Nghĩa, Phường 1, Đà Lạt, Lâm Đồng 66000, Việt Nam",https://www.tiktok.com/@hodongreviewmientay/video/7478170393946279176?is_from_webapp=1&sender_device=pc,"11,9423935","108,4356758","11,9423935","108,4356758"
,E003,SƯƠNG BÁNH MÌ XÍU MẠI,4.7,Tối,16:00 - 21:00,100.000,"14 Đường Ánh Sáng, Phường 1, Đà Lạt, Lâm Đồng, Việt Nam",https://www.tiktok.com/@dalatangi.1phutdalat/video/7513203323403635976?is_from_webapp=1&sender_device=pc&web_id=7539491341274269185,"11,9394527","108,4355373","11,9394527","108,4355373"
,E004,Tiệm ăn Đà Lạt Phố - Restaurant,4.8,Sáng/Trưa/Tối,09:30 - 21:30,100.000 - 200.000,"38 Đường Tăng Bạt Hổ, Phường 1, Đà Lạt, Lâm Đồng 66100, Việt Nam",not found,"11,9442842","108,4348971","11,9442842","108,4348971"
,E005,Happy Thái Đà Lạt - Món Thái Ngon Tuyệt,4.8,Trưa/Tối,11:00 - 22:00,100.000 - 200.000,"21 Đ. Nguyễn Văn Cừ, Phường 1, Đà Lạt, Lâm Đồng, Việt Nam",https://www.tiktok.com/@happythaidalat/video/7528470717101395208?is_from_webapp=1&sender_device=pc&web_id=7539491341274269185,"11,9404877","108,4321184","11,9404877","108,4321184"
,E006,Lẩu cá tầm Ngư Sơn CN1,4.3,Trưa/Tối,11:00 - 22:00,100.000 - 200.000,"33/15/3, Phan Đình Phùng, Phường 1, Đà Lạt, Lâm Đồng, Việt Nam",https://www.tiktok.com/@laucatamnguson/video/7272186794119056645?is_from_webapp=1&sender_device=pc,"11,942306","108,433422","1,1942306","10,8433422"
,E007,Tiệm Ăn bếp Đà Lạt - khu hoà bình,4.5,Sáng/Trưa/Tối,cả ngày,100.000,"69 Phan Bội Châu, Phường 1, Đà Lạt, Lâm Đồng, Việt Nam",https://www.tiktok.com/@di_vatrainghiem/video/7431033932193254674?is_from_webapp=1&sender_device=pc&web_id=7539491341274269185,"11,9446236","108,4378584","11,9446236","108,4378584"
,E008,Lẩu Mà La - Nhà hàng lẩu ngon Đà Lạt,4.3,Trưa/Tối,10:00 - 22:00,200.000 - 300.000,"22 Đ. Nguyễn Văn Cừ, Phường 1, Đà Lạt, Lâm Đồng, Việt Nam",https://www.tiktok.com/@vie.viee__/video/7528755885095652615?is_from_webapp=1&sender_device=pc&web_id=7539491341274269185,"11,940016","108,4321368","1,1940016","108,4321368"
,E009,Món Thái - Khap Bun Kha,4.1,Sáng/Trưa/Tối,08:30 - 22:30,100.000 - 200.000,"26 Đ. Nguyễn Văn Cừ, Phường 1, Đà Lạt, Lâm Đồng 670000, Việt Nam",https://www.tiktok.com/@monthaikhapbunkhadl/video/7372814320381496584?is_from_webapp=1&sender_device=pc&web_id=7539491341274269185,"11,9399631","108,4322457","11,9399631","108,4322457"
,E010,Fungi Chingu Chợ Đêm,4.7,Sáng/Trưa/Tối,11:00 - 13:45 và 17:00 - 21:30,100.000 - 300.000,"1 Đường Nguyễn Thị Minh Khai, Phường 1, Đà Lạt, Lâm Đồng 66110, Việt Nam",https://www.tiktok.com/@kingvilladalat/video/7349530297211374849?is_from_webapp=1&sender_device=pc&web_id=7539491341274269185,"11,9419295","108,437259","11,9419295","10,8437259"
,E011,"Nướng No Nê
",4,Trưa/Tối,10:00 - 23:00,200.000 - 300.000,"4 Đ Phạm Ngũ Lão, Phường 1, Đà Lạt, Lâm Đồng, Việt Nam",https://www.facebook.com/share/r/1FtrPgrtAe/,"11,9380818","108,436557","11,9380818","10,8436557"
,E012,GoGi House Đà Lạt,4.6,Trưa/Tối,11:00 - 22:00,200.000 - 300.000,"05 Đ. Nguyễn Chí Thanh, Phường 1, Đà Lạt, Lâm Đồng 66000, Việt Nam",https://www.tiktok.com/@callmevyvo/video/7448240868756147474?is_from_webapp=1&sender_device=pc&web_id=7539491341274269185,"11,941755","108,4365211","1,1941755","108,4365211"
Phường 3,E013,Quán cơm Ngày 3 Bữa - quán số 2,"4,2",Trưa/Tối,10:30 - 20:00,100.000 - 200.000,"37 Đường Đống Đa, Phường 3, Đà Lạt, Lâm Đồng, Việt Nam",https://www.tiktok.com/@quancomngay3bua_dalat/video/7299409211065158914?is_from_webapp=1&sender_device=pc&web_id=7539491341274269185,"11,9286858","108,44072","11,9286858","1,0844072"
,E014,Tiệm nướng Thương Thương,"4,6",Trưa/Tối,10:00 - 22:00,200.000 - 300.000,"30 Đặng Thái Thân, Phường 3, Đà Lạt, Lâm Đồng 670000, Việt Nam",https://www.tiktok.com/@thuongthuongdalat/video/7480373766934121736?is_from_webapp=1&sender_device=pc&web_id=7539491341274269185,"11,9292926","108,4502723","11,9292926","108,4502723"
,E015,Lẩu - Nướng Gangnam-Gu,"4,5",Sáng/Trưa/Tối,09:00 - 02:00,100.000 - 200.000,"155 Đường Hà Huy Tập, Phường 3, Đà Lạt, Lâm Đồng, Việt Nam",https://www.tiktok.com/@gangnam_gu155/video/7328761390326369544?is_from_webapp=1&sender_device=pc&web_id=7539491341274269185,"11,930899","108,4399725","1,1930899","108,4399725"
,E016,PICNIC GO - CƠM NIÊU & LẨU NƯỚNG,"4,8",Trưa/Tối,10:00 - 23:00,100.000 - 200.000,"17B Đường Đặng Thái Thân, Phường 3, Đà Lạt, Lâm Đồng 670000, Việt Nam",https://www.tiktok.com/@ghiendalat_official/video/7182892986592742661?is_from_webapp=1&sender_device=pc&web_id=7539491341274269185,"11,9302402","108,4484409","11,9302402","108,4484409"
,E017,Tiệm Gà Lưng Chừng Đồi,"4,8",Trưa/Tối,10:00 - 22:00,100.000 - 200.000,"hẻm 1 Đường Đặng Thái Thân, Phường 3, Đà Lạt, Lâm Đồng, Việt Nam",https://www.tiktok.com/@_tiemgalungchungdoi_/video/7510087631372438802?is_from_webapp=1&sender_device=pc&web_id=7539491341274269185,"11,9300349","108,4477156","11,9300349","108,4477156"
,E018,Cơm Lá Chuối,"4,1",Trưa/Tối,10:30 - 20:00,100.000,"23/2 Đ. Trần Phú, Phường 3, Đà Lạt, Lâm Đồng 670000, Việt Nam",https://www.tiktok.com/@xuanangiday/video/7399624770620361991?is_from_webapp=1&sender_device=pc&web_id=7539491341274269185,"11,9363192","108,4349751","11,9363192","108,4349751"
,E019,Tiệm Nướng Trên Mây,"4,6",Trưa/Tối,10:00 - 22:00,100.000 - 200.000,"19A Đặng Thái Thân, Phường 3, Đà Lạt, Lâm Đồng 67000, Việt Nam",https://www.tiktok.com/@dalatreviewtattantat/video/7392805784033234183?is_from_webapp=1&sender_device=pc&web_id=7539491341274269185,"11,9301236","108,4496679","11,9301236","108,4496679"
,E020,Quán Bà Năm Chút,"4,1",Sáng/Trưa/Tối,Cả ngày,100.000,"2e Ba Tháng Tư, Phường 3, Đà Lạt, Lâm Đồng, Việt Nam",https://www.foody.vn/lam-dong/ba-nam-chut-com-ga,"11,9337685","108,445265","11,9337685","10,8445265"
,E021,Quán Nướng Chill in Dalat,"4,9",Trưa/Tối,10:00 - 22:00,100.000 - 200.000,"Hẻm 1 Đường Đặng Thái Thân, Phường 3, Đà Lạt, Lâm Đồng, Việt Nam",https://www.tiktok.com/@tuilasapne/video/7376531805442297096?is_from_webapp=1&sender_device=pc&web_id=7565430107423360530,"11,9300349","108,4477156","11,9300349","108,4477156"
,E022,Nhà hàng Cơm niêu Như Ngọc,"4,1",Sáng/Trưa/Tối,08:30 - 20:30,100.000 - 200.000,"1/18 Hồ Tùng Mậu, Phường 3, Đà Lạt, Lâm Đồng, Việt Nam", https://www.tiktok.com/@diancungquoc/video/7506852409931615506?is_from_webapp=1&sender_device=pc&web_id=7565430107423360530,"11,9372313","108,4451556","11,9372313","108,4451556"
,E023,Carrot Restaurant - Món Âu ngon Đà Lạt,"4,2",Trưa/Tối,11:00–14:00 & 17:00–22:00,200.000 - 300.000,"36 Đường Bà Triệu, Phường 3, Đà Lạt, Lâm Đồng, Việt Nam",https://www.tiktok.com/@rosiegoesaround/video/7023001809828482330?is_from_webapp=1&sender_device=pc&web_id=7565430107423360530,"11,9373172","108,4335045","11,9373172","108,4335045"
,E024,Vườn Mơ Quán,"4,2",Trưa/Tối,10:00 - 22:30,100.000 - 200.000,"11A Đường Nhà Chung, Phường 3, Đà Lạt, Lâm Đồng 66000, Việt Nam",https://www.tiktok.com/@futthi0904/video/7524327510067154194?is_from_webapp=1&sender_device=pc&web_id=7565430107423360530,"11,9354115","108,438403","11,9354115","10,8438403"
,E025,Quán ăn bình dân 369,4,,Không có thông tin,100.000 - 200.000,"2 Đường Lương Thế Vinh, Phường 3, Đà Lạt, Lâm Đồng, Việt Nam",Not found,"11,934099","108,4411761","1,1934099","108,4411761"
,E026,Quán ăn sân vườn Osaka,"4,6",Trưa/Tối,10:00 - 22:00,100.000 - 200.000,"Đường hoa đổ quyên hồ, Tuyền Lâm, Phường 3, Tp. Đà Lạt, Lâm Đồng 66000, Việt Nam",Not found,"11,8753638","108,4492758","11,8753638","108,4492758"
,E027,Từ Sen vegetarian and cafe Đà Lạt,"4,9",Sáng/Trưa/Tối,07:30 - 20:00,100.000,"4 Đường Lương Thế Vinh, Phường 3, Đà Lạt, Lâm Đồng, Việt Nam",https://www.tiktok.com/@greenleila24/video/7471621492648758535?is_from_webapp=1&sender_device=pc&web_id=7565430107423360530,"11,9338067","108,4430268","11,9338067","108,4430268"
,E028,Nướng Đà Lạt và Em,"3,9",Trưa/Tối,10:00 - 23:00,200.000 - 300.000,"24 3 Tháng 4, Phường 3, Đà Lạt, Lâm Đồng 67000, Việt Nam",https://www.tiktok.com/@launuongdalatvaem/video/7196188073183431962?is_from_webapp=1&sender_device=pc&web_id=7565430107423360530,"11,9280937","108,4475206","11,9280937","108,4475206"
,E029,Tiệm Nướng Thông Reo,"4,4",Trưa/Tối,10:00 - 22:00,100.000 - 200.000,"31/3 3 Tháng 4, Phường 3, Đà Lạt, Lâm Đồng, Việt Nam",https://www.facebook.com/share/p/1C5Z5dd54G/,"11,9253627","108,4484692","11,9253627","108,4484692"
,E030,PHỞ ÂN Đà Lạt ,"4,9",Sáng/Trưa,06:00 - 13:00,100.000,"23/5 Đ. Trần Phú, Phường 3, Đà Lạt, Lâm Đồng, Việt Nam",https://www.tiktok.com/@phoandalat/video/7537163618773699847?is_from_webapp=1&sender_device=pc&web_id=7565430107423360530,"11,9363439","108,4343571","11,9363439","108,4343571"
,E031,Quán Hồi Xưa,"4,5",Trưa/Tối,10:30 - 20:00,100.000 - 200.000,"2 Đường Hà Huy Tập, Phường 3, Đà Lạt, Lâm Đồng, Việt Nam",https://www.tiktok.com/@nhienthichan/video/7042252772133129474?is_from_webapp=1&sender_device=pc&web_id=7565430107423360530,"11,9363285","108,4408766","11,9363285","108,4408766"
,E032,Tiệm Nướng Mêli,"3,9",Trưa/Tối,10:00 - 22:00,100.000 - 200.000,"2 Đường Đặng Thái Thân, Phường 3, Đà Lạt, Lâm Đồng 660000, Việt Nam",https://www.tiktok.com/@melifarmstay/video/7100017629729082650?is_from_webapp=1&sender_device=pc&web_id=7565430107423360530,"11,9302286","108,4478168","11,9302286","108,4478168"
,E033,Bánh căn Nhà Chung,3.9,Sáng/Trưa/Tối,07:00 - 21:30,100.000,"1 Đường Nhà Chung, Phường 3, Đà Lạt, Lâm Đồng, Việt Nam",https://www.tiktok.com/@daydayreview/video/7539162273772866824?is_from_webapp=1&sender_device=pc&web_id=7565430107423360530,"11,9361427","108,4382477","11,9361427","108,4382477"
Phường 2,E034,Bánh ướt lòng gà LONG,4.0,Sáng/Trưa/Tối,6:30 - 18:00,100.000,"202/2/5, Phan Đình Phùng, Phường 2, Đà Lạt, Lâm Đồng, Việt Nam",https://www.tiktok.com/@sayhihuy/video/7322407344707570951?q=B%C3%A1nh%20%C6%B0%E1%BB%9Bt%20l%C3%B2ng%20g%C3%A0%20LONG&t=1761402323306,"11,9488858","108,4361063","11,9488858","108,4361063"
,E035,Bánh Mì Xíu Mại Ri 79 (Đối diện cây xăng Tỉnh Đội),4.6,Sáng/Trưa/Tối,06:00 - 19:00,50.000,"2 Đường Thông Thiên Học, Phường Lâm Viên, Đà Lạt, Lâm Đồng 670000, Việt Nam",https://www.tiktok.com/@thuyminp/video/7562987729185770759?q=B%C3%A1nh%20M%C3%AC%20X%C3%ADu%20M%E1%BA%A1i%20Ri%2079%20%28%C4%90%E1%BB%91i%20di%E1%BB%87n%20c%C3%A2y%20x%C4%83ng%20T%E1%BB%89nh%20%C4%90%E1%BB%99i%29&t=1761402528719,"11,9507378","108,4377076","11,9507378","108,4377076"
,E036,Chả Ram Bắp Nem Nướng Tân Long,4.5,Trưa/Tối,11:00 - 21:00,50.000,"290 Đ. Bùi Thị Xuân, Phường 2, Đà Lạt, Lâm Đồng, Việt Nam",https://www.tiktok.com/@miulinhmap/video/7558081172924910856?q=Ch%E1%BA%A3%20Ram%20B%E1%BA%AFp%20Nem%20N%C6%B0%E1%BB%9Bng%20T%C3%A2n%20Long&t=1761402594481,"11,9540691","108,4414168","11,9540691","108,4414168"
,E037,Phở Thố Chu Gia,4.5,Sáng/Trưa/Tối,6:30 - 22:00,75.000,"29 Đường Thông Thiên Học, Phường 2, Đà Lạt, Lâm Đồng 66000, Việt Nam",https://www.tiktok.com/@dalatangi.1phutdalat/video/7520821141351697682?q=Ph%E1%BB%9F%20Th%E1%BB%91%20Chu%20Gia&t=1761402668938,"11,9527673","108,4370478","11,9527673","108,4370478"
,E038,Lẩu Cá Tầm Tuyên 2 Đà Lạt,4.8,Trưa/Tối,10:00 - 22:00,100.000 - 200.000,"Khu quy hoạch/Lô 75 Nguyễn Công Trứ, Phường 2, Đà Lạt, Lâm Đồng 67000, Việt Nam",https://www.tiktok.com/@banandalat/video/7473457785016012040?is_from_webapp=1&sender_device=pc&web_id=7556174144980862472,"11,9546146","108,4327331","11,9546146","108,4327331"
,E039,Bánh mì chảo Tasty,4.7,Sáng/Trưa/Tối,06:00 - 18:00,100.000,"245 Đường Hai Bà Trưng, Phường 2, Đà Lạt, Lâm Đồng, Việt Nam",https://www.tiktok.com/@ngocduy_diachianuong/video/7445980391686606087?is_from_webapp=1&sender_device=pc&web_id=7556174144980862472,"11,949513","108,4324009","1,1949513","108,4324009"
,E040,Bánh căn A Cát,4.2,Sáng/Trưa/Tối,7:00 - 22:00,100.000,"H55 Nguyễn Thị Nghĩa, Phường 2, Đà Lạt, Lâm Đồng 66109, Việt Nam",https://www.tiktok.com/@tuthoreview/video/7493884454008556808?is_from_webapp=1&sender_device=pc&web_id=7556174144980862472,"11,9494817","108,440392","11,9494817","10,8440392"
,E041,Fungi Chingu,4.7,Trưa/Tối,11:00 - 14:00 và 17:00 - 22:00,100.000 - 200.000,"29 Đường Võ Thị Sáu, Phường 2, Đà Lạt, Lâm Đồng 66109, Việt Nam",https://www.tiktok.com/@thanhantv.official/video/7061146853038902554?q=Fungi%20Chingu&t=1761403129722,"11,9494471","108,4385004","11,9494471","108,4385004"
,E042,Bánh Canh Cá Lóc Chú La,4.1,Sáng/Trưa/Tối,06:00 - 21:30,100.000,"148 Đường Bùi Thị Xuân, Phường 2, Đà Lạt, Lâm Đồng, Việt Nam",https://www.tiktok.com/@nhandian/video/7164362179251080474?is_from_webapp=1&sender_device=pc&web_id=7556174144980862472,"11,9487238","108,4393198","11,9487238","108,4393198"
,E043,Tiệm Mì Tàu Cao,4.2,Sáng/Trưa/Tối,06:00 - 19:00,100.000,"217 Phan Đình Phùng, Phường 2, Đà Lạt, Lâm Đồng, Việt Nam",https://www.tiktok.com/@didalat.review/video/7404431914699918600?is_from_webapp=1&sender_device=pc&web_id=7556174144980862472,"11,9473836","108,4355968","11,9473836","108,4355968"
,E044,Phở Phi Thuyền,4.5,Sáng/Tối,06:00 - 11:00 và 18:00 - 21:00,100.000,"78 Phan Đình Phùng, Phường 2, Đà Lạt, Lâm Đồng, Việt Nam",https://www.tiktok.com/@onghoangthichdumuc/video/7265317395655429377?is_from_webapp=1&sender_device=pc&web_id=7556174144980862472,"11,9455093","108,4349564","11,9455093","108,4349564"
,E045,MiMi Sushi & Pizza Restaurant,4.7,Trưa/Tối,10:00 - 14:00 và 16:00 - 22:00,100.000 - 200.000,"103 Đường Bùi Thị Xuân, Phường 2, Đà Lạt, Lâm Đồng, Việt Nam",https://www.tiktok.com/@didalatcungtruc/video/7205889378751614235?is_from_webapp=1&sender_device=pc&web_id=7556174144980862472,"11,9465401","108,4401","11,9465401","0,1084401"
,E046,Cháo Ếch Singapore 151 Đà Lạt,4.2,Trưa/Tối,09:30 - 22:00,100.000,"151 Đường Bùi Thị Xuân, Phường 2, Đà Lạt, Lâm Đồng, Việt Nam",https://www.tiktok.com/@elricreviewer/video/7177713727200955675?is_from_webapp=1&sender_device=pc&web_id=7556174144980862472,"11,9484456","108,4392633","11,9484456","108,4392633"
,E047,Quán Lẩu Nướng Khói BBQ Đà Lạt,4.0,Trưa/Tối,10:00 - 22:30,200.000 - 300.000,"178 Đường Bùi Thị Xuân, Phường 2, Đà Lạt, Lâm Đồng, Việt Nam",https://www.tiktok.com/@banandalat/video/7546812174870580488?is_from_webapp=1&sender_device=pc&web_id=7556174144980862472,"11,9495289","108,4389154","11,9495289","108,4389154"
,E048,Cơm chay Thanh Đạm,4.2,Sáng/Trưa/Tối,06:30 - 18:30,100.000,"99C Nguyễn Văn Trỗi, Phường 2, Đà Lạt, Lâm Đồng, Việt Nam",https://www.tiktok.com/@dalatmoingongach/video/7257454796444142854?is_from_webapp=1&sender_device=pc&web_id=7556174144980862472,"11,9495522","108,4375936","11,9495522","108,4375936"
,E049,CHAY corner in Dalat - Vietnamese Dumplings,4.7,Sáng/Trưa/Tối,07:30 - 21:30,100.000,"91 Nguyễn Văn Trỗi, Phường 2, Đà Lạt, Lâm Đồng 660000, Việt Nam",https://www.tiktok.com/@chaycorner.vn/video/7552411978795437332?is_from_webapp=1&sender_device=pc&web_id=7556174144980862472,"11,9488086","108,437354","11,9488086","10,8437354"
,E050,Phở xào Lâm,4.6,Trưa/Tối,15:30 - 23:00,100.000,"97 Nguyễn Văn Trỗi, Phường 2, Đà Lạt, Lâm Đồng 670000, Việt Nam",https://www.tiktok.com/@reviewdalatdiaphuong/video/7489065823898848518?is_from_webapp=1&sender_device=pc&web_id=7556174144980862472,"11,9491381","108,4378249","11,9491381","108,4378249"
,E051,Bột Chiên A Tỷ,4.5,Trưa/Tối,15:00 - 21:30,100.000,"172 Nguyễn Văn Trỗi, Phường 2, Đà Lạt, Lâm Đồng, Việt Nam",https://www.tiktok.com/@chamchamrevieww/video/7321750672225881362?is_from_webapp=1&sender_device=pc&web_id=7556174144980862472,"11,9494553","108,4360491","11,9494553","108,4360491"
,E052,Kami bán hỏi thịt nướng,5.0,Sáng/Trưa/Tối,Cả ngày,50.000,"107a Nguyễn Văn Trỗi, Phường 2, Đà Lạt, Lâm Đồng, Việt Nam",https://www.tiktok.com/@kami.banhhoithitnuong/video/7556936357990403346?is_from_webapp=1&sender_device=pc&web_id=7556174144980862472,"11,9493942","108,4370671","11,9493942","108,4370671"
,E053,Hủ tiếu dì sáu,4.3,Sáng/Trưa,07:00 - 11:00,100.000,"22 Đường Võ Thị Sáu, Phường 2, Đà Lạt, Lâm Đồng, Việt Nam",https://vt.tiktok.com/ZSUw5cdDv/,"11,9486662","108,4384781","11,9486662","108,4384781"
,E054,Cơm Củi Đà Lạt (118 Bùi Thị Xuân),4.6,Sáng/Trưa/Tối,08:00 - 22:00,100.000 - 200.000,"118 Đường Bùi Thị Xuân, Phường 2, Đà Lạt, Lâm Đồng 67000, Việt Nam",https://vt.tiktok.com/ZSUw5qJtS/,"11,9480844","108,4397556","11,9480844","108,4397556"
,E055,ẾCH NGON - Cháo Ếch Đà Lạt,4.6,Trưa/Tối,10:30 - 21:00,100.000,"110 Đường Bùi Thị Xuân, Phường 2, Đà Lạt, Lâm Đồng 66000, Việt Nam",https://vt.tiktok.com/ZSUw5mn85/,"11,9479815","108,4399054","11,9479815","108,4399054"
,E056,Quán cơm chay An Lạc Tâm,4.1,Sáng/Trưa/Tối,06:00 - 22:00,100.000,"104 Đường Bùi Thị Xuân, Phường 2, Đà Lạt, Lâm Đồng, Việt Nam",https://vt.tiktok.com/ZSUwPT5TQ/,"11,9478794","108,440042","11,9478794","10,8440042"
,E057,Quán Bún Bò Huế O Lịch,3.9,Sáng/Trưa/Tối,05:30 - 19:00,100.000,"94 Đường Bùi Thị Xuân, Phường 2, Đà Lạt, Lâm Đồng, Việt Nam",https://vt.tiktok.com/ZSUwPmjt1/,"11,9475322","108,4405789","11,9475322","108,4405789"
,E058,Now Restaurant - Nhà hàng Cơm Niêu - Lẩu Gia Đình Ngon Dalat,4.8,Sáng/Trưa/Tối,09:00 - 22:00,100.000 - 200.000,"5 Đường Lý Tự Trọng, Phường 2, Đà Lạt, Lâm Đồng 670000, Việt Nam",https://vt.tiktok.com/ZSUwfatAP/,"11,9445092","108,4391796","11,9445092","108,4391796"
,E059,Đà Lạt BBQ,4,Sáng/Trưa/Tối,09:00 - 23:00,200.000 - 300.000,"91 Phan Bội Châu, Phường 2, Đà Lạt, Lâm Đồng, Việt Nam",https://vt.tiktok.com/ZSUwfV6CY/,"11,9443258","108,4383683","11,9443258","108,4383683"
,E060,Cơm Đà Lạt,4.7,Sáng/Trưa/Tối,09:00 - 21:00,100.000 - 200.000,"141 Đường Bùi Thị Xuân, Phường xuân hương, Đà Lạt, Lâm Đồng, Việt Nam",https://vt.tiktok.com/ZSUwfTdfj/,"11,9480773","108,4394314","11,9480773","108,4394314"
Phường 4,E061,THỜI BÌNH Nhậu và Nướng,4.9,Trưa/Tối,11:00 - 22:30,200.000 - 300.000,"46 Đường Lê Thánh Tôn, Phường 6, Đà Lạt, Lâm Đồng 67000, Việt Nam",https://www.tiktok.com/@julepe.sheen/video/7523169735744392455,"11,9466284","108,4278713","11,9466284","108,4278713"
,E062,Quán Ăn Lý,4.9,Trưa/Tối,10:30 - 22:00,100.000,"Số 2 Đ. Mạc Đĩnh Chi, Phường 4, Đà Lạt, Lâm Đồng 66100, Việt Nam",https://maps.app.goo.gl/aypGB6JJJ2seedTz5,"11,9402421","108,4305796","11,9402421","108,4305796"
,E063,BẾP HỨA GIA,4.9,Trưa/Tối,10:00 - 20:00,100.000,"119 Đồng Tâm, Phường 4, Đà Lạt, Lâm Đồng, Việt Nam",https://www.tiktok.com/@nhunghua/video/7433777120012160274?q=B%E1%BA%BEP%20H%E1%BB%A8A%20GIA&t=1761703003381,"11,9346414","108,4242395","11,9346414","108,4242395"
,E064,Quán Lẩu Đà Lạt - Lẩu cá Tầm Hoàng Gia,4.8,Trưa/Tối,10:00 - 23:00,200.000 - 300.000,"42 Đ Phạm Ngũ Lão, Phường 4, Đà Lạt, Lâm Đồng, Việt Nam",https://maps.app.goo.gl/Yj27sH3jHYXDs3317,"11,9380513","108,4347469","11,9380513","108,4347469"
,E065,HoLoKy- Nướng lẩu Đà Lạt,4.8,Trưa/Tối,10:00 - 22:00,100.000 - 200.000,"70/1 Đoàn Thị Điểm, Phường 4, Đà Lạt, Lâm Đồng, Việt Nam",https://www.tiktok.com/@holokmrrkkg/video/7530067847234653447?q=HoLoKy-%20N%C6%B0%E1%BB%9Bng%20l%E1%BA%A9u%20%C4%90%C3%A0%20L%E1%BA%A1t&t=1761703209005,"11,9386536","108,4323064","11,9386536","108,4323064"
,E066,Lẩu dê Ngân,4.8,Trưa/Tối,10:00 - 21:30,100.000 - 300.000,"21/19 Đ. Trần Phú, Phường 3, Đà Lạt, Lâm Đồng, Việt Nam",https://www.tiktok.com/@laudengan_dalat/video/7435180494498598162?q=L%E1%BA%A9u%20d%C3%AA%20Ng%C3%A2n&t=1761703660800,"11,9356801","108,4348546","11,9356801","108,4348546"
,E067,Tiệm Cơm Bếp Củi - Cơm Gia Đình,4.8,Trưa,10:30 - 17:00,100.000,"16 Huyền Trân Công Chúa, Phường 4, Đà Lạt, Lâm Đồng 66000, Việt Nam",https://www.tiktok.com/@henhoangi1994/video/7430821911220735249?q=Ti%E1%BB%87m%20C%C6%A1m%20B%E1%BA%BFp%20C%E1%BB%A7i%20-%20C%C6%A1m%20Gia%20%C4%90%C3%ACnh&t=1761703700644,"11,9376274","108,42406","11,9376274","1,0842406"
,E068,Quán Ăn Ngon Đà Lạt,4.7,Trưa/Tối,11:00 - 02:00,100.000 - 300.000,"A22 Đường Trần Lê, Phường 4, Đà Lạt, Lâm Đồng 66115, Đà Lạt, Lâm Đồng 66116, Việt Nam",,"11,9376706","108,4281995","11,9376706","108,4281995"
,E069,Cơm Nhà Quê,4.7,Trưa,10:30 - 15:00,100.000,"8/2 Đ. Thiên Thành, Phường 4, Đà Lạt, Lâm Đồng, Việt Nam",https://www.tiktok.com/@solitude.1709/video/7127133843794054427?q=C%C6%A1m%20Nh%C3%A0%20Qu%C3%AA%20%C4%91%C3%A0%20l%E1%BA%A1t%208%2F2%20%C4%90.%20Thi%C3%AAn%20Th%C3%A0nh%2C%20Ph%C6%B0%E1%BB%9Dng%204%2C%20%C4%90%C3%A0%20L%E1%BA%A1t%2C%20L%C3%A2m%20%C4%90%E1%BB%93ng%2C%20Vi%E1%BB%87t%20Nam&t=1761704398815,"11,9394887","108,4319571","11,9394887","108,4319571"
,E070,Ẩm thực đường phố Nhật Bản,4.7,Trưa/Tối,10:30 - 22:00,100.000 - 200.000,"38 Đoàn Thị Điểm, Phường 1, Đà Lạt, Lâm Đồng, Việt Nam",https://www.tiktok.com/@yatai.t.2015/video/7520941208349199624?q=38%20%C4%90o%C3%A0n%20Th%E1%BB%8B%20%C4%90i%E1%BB%83m%2C%20Ph%C6%B0%E1%BB%9Dng%201%2C%20%C4%90%C3%A0%20L%E1%BA%A1t%2C%20L%C3%A2m%20%C4%90%E1%BB%93ng%2C%20Vi%E1%BB%87t%20Nam&t=1761704683544,"11,9390095","108,4332181","11,9390095","108,4332181"
,E071,Nhà Hàng KALA CÁ,4.7,Sáng/Trưa/Tối,06:00–22:00,100.000 - 200.000,"7A Đ. Huỳnh Thúc Kháng, Phường 4, Đà Lạt, Lâm Đồng 670000, Việt Nam",https://www.tiktok.com/@kalacadalat/video/7502448937542946056,"11,935087","108,4301153","1,1935087","108,4301153"
,E072,Phố Ghẹ lẩu hải sản,4.6,Sáng/Trưa/Tối,06:00–00:00,200.000 - 300.000,"4 Đoàn Thị Điểm, Phường 1, Đà Lạt, Lâm Đồng, Việt Nam",,"11,9386762","108,433945","11,9386762","10,8433945"
,E073,Tiệm Cơm Gánh ( Tiệm Cơm Trưa Đà Lạt ),4.6,Trưa,10:30–15:00,100.000,"175 Ba Tháng Hai, Phường 4, Đà Lạt, Lâm Đồng, Việt Nam",https://www.tiktok.com/@tiemcomganh/video/7541667615404559634?q=175%20Ba%20Th%C3%A1ng%20Hai%2C%20Ph%C6%B0%E1%BB%9Dng%204%2C%20%C4%90%C3%A0%20L%E1%BA%A1t%2C%20L%C3%A2m%20%C4%90%E1%BB%93ng%2C%20Vi%E1%BB%87t%20Nam&t=1761704938142,"11,9393029","108,4302824","11,9393029","108,4302824"
,E074,Nhà hàng Bích Câu 3 - Đà Lạt,4.6,Trưa/Tối,10:00–22:00,,"9 Đ. Huỳnh Thúc Kháng, Phường 4, Đà Lạt, Lâm Đồng, Việt Nam",https://www.tiktok.com/@haisanbichcau3/video/7516905068289920264?q=Nh%C3%A0%20h%C3%A0ng%20B%C3%ADch%20C%C3%A2u%203%20-%20%C4%90%C3%A0%20L%E1%BA%A1t&t=1761704972420,"11,9351126","108,4302905","11,9351126","108,4302905"
,E075,Bờ kè quán,4.5,Sáng/Trưa/Tối, 09:00–19:00,100.000 - 200.000,"161/3 Ba Tháng Hai, Phường 4, Đà Lạt, Lâm Đồng, Việt Nam",https://www.tiktok.com/@thaitruc870/video/7537997893026843911?is_from_webapp=1&sender_device=pc&web_id=7566456434167318034,"11,9400415","108,4309475","11,9400415","108,4309475"
,E076,Cơm lam gà nướng tây nguyên,4.5,Sáng/Trưa/Tối, 09:00–21:00,100.000 - 200.000,"77 Đoàn Thị Điểm, Phường 4, Đà Lạt, Lâm Đồng, Việt Nam",https://www.tiktok.com/@hoathuytien91/video/7521347946944695559?is_from_webapp=1&sender_device=pc&web_id=7566456434167318034,"11,9382849","108,4319861","11,9382849","108,4319861"
,E077,Nhà hàng Chay - AN LẠC TÂM,4.4,Sáng/Trưa/Tối, 07:00–21:00,100.000,"40 Đ Phạm Ngũ Lão, Phường 1, Đà Lạt, Lâm Đồng 66000, Việt Nam",https://www.tiktok.com/@thanhvan0391/video/7395018353976298770?is_from_webapp=1&sender_device=pc&web_id=7566456434167318034,"11,9383005","108,4349592","11,9383005","108,4349592"
,E078,Quán Dì 5 - Nướng Tây Nguyên - Lẩu Cá Tầm Đà Lạt,4.3,Tối, 16:30–22:00,100.000 - 200.000,"30 Đ. Ngô Thì Sỹ, Phường 4, Đà Lạt, Lâm Đồng 670000, Việt Nam",https://www.tiktok.com/@di5_dalat/video/7506398312350682386?is_from_webapp=1&sender_device=pc&web_id=7566456434167318034,"11,9314603","108,4257903","11,9314603","108,4257903"
,E079,Quán Ăn 65 Đà Lạt,4.2,Sáng/Trưa/Tối, 09:00–22:00,100.000 - 200.000,"33 KQH Trần Lê, Phường 4, Đà Lạt, Lâm Đồng, Việt Nam",,"11,9372687","108,4266195","11,9372687","108,4266195"
,E080,Nam Anh Phát - Lẩu và Nướng Đà Lạt,4.2,Trưa/Tối, 10:30–22:00,100.000 - 200.000,"36 Đ. Mạc Đĩnh Chi, Phường 4, Đà Lạt, Lâm Đồng 66000, Việt Nam",https://www.tiktok.com/@dalatreviewcotam/video/7481885830252956945?q=Nam%20Anh%20Ph%C3%A1t%20-%20L%E1%BA%A9u%20v%C3%A0%20N%C6%B0%E1%BB%9Bng%20%C4%90%C3%A0%20L%E1%BA%A1t&t=1761707193449,"11,9401784","108,4285601","11,9401784","108,4285601"
,E081,Cơm tiệm A Vũ,4.2,Trưa/Tối, 10:30–19:00,100.000,"20 Huyền Trân Công Chúa, Phường 4, Đà Lạt, Lâm Đồng, Việt Nam",https://www.tiktok.com/@c0gaidalat/video/7488268937625439543?is_from_webapp=1&sender_device=pc&web_id=7566456434167318034,"11,937609","108,4240289","1,1937609","108,4240289"
Phường 5,E082,Tiệm Gà Hạnh Phúc - Gà Nướng Cơm Lam & Lẩu Gà Lá é,4.6,Trưa/Tối,9:30 - 20:30,100.000 - 200.000,"86 Đ. Hoàng Diệu, Phường 5, Đà Lạt, Lâm Đồng 66000, Vietnam",https://www.tiktok.com/@mr.cunghe/video/7436639629777866002,"11,9429217","108,4235073","11,9429217","108,4235073"
,E083,Quán cơm Anne Dalat,4.3,Trưa/Tối,10:00 - 22:00,100.000 - 200.000,"47 Đường Hàn Thuyên, Phường 5, Đà Lạt, Lâm Đồng, Vietnam",https://www.tiktok.com/@tiemga.duoitanhong/video/7411013551743143186,"11,9466295","108,4243708","11,9466295","108,4243708"
,E084,BBQ Garden Đà Lạt - BUFFET nướng lẩu Đà Lạt,4.9,Trưa/Tối,11:00 - 23:00,200.000 - 300.000,"21 Đ. Hoàng Diệu, Phường 5, Đà Lạt, Lâm Đồng, Vietnam",https://www.tiktok.com/@dalatreviewtattantat/video/7454528458891349266,"11,9424247","108,4296289","11,9424247","108,4296289"
,E085,Tiệm mì An Gia,4.7,Sáng/Trưa/Tối,6:00 - 22:00,1.000 - 100.000,"46A Đ. Trần Nhật Duật, Phường 5, Đà Lạt, Lâm Đồng, Vietnam",https://www.tiktok.com/@ha.didau/video/7397032318604463376,"11,9455123","108,4295248","11,9455123","108,4295248"
,E086,Hương Quán Đà Lạt,4.1,Trưa/Tối,9:00 - 22:00,100.000 - 300.000,"47B Trần Bình Trọng, Phường 5, Đà Lạt, Lâm Đồng 67000, Vietnam",https://www.tiktok.com/@anchoidalat/video/7284169725523823873,"11,9431031","108,4253607","11,9431031","108,4253607"
,E087,Nhà Hàng Cá Tầm Cá Hồi Đà lạt - Chivo,4.7,Trưa/Tối,10:00 - 22:00,200.000 - 300.000,"20 Trần Bình Trọng, Phường 5, Đà Lạt, Lâm Đồng 670000, Vietnam",https://www.tiktok.com/@dalatreviewtattantat/video/7395056073423506706,"11,9434034","108,4253237","11,9434034","108,4253237"
,E088,Bánh Tráng nướng Dì Đinh,4.4,Trưa/Tối,13:00 - 20:30,1.000 - 100.000,"26 Đ. Hoàng Diệu, Phường 5, Đà Lạt, Lâm Đồng, Vietnam",https://www.tiktok.com/@chamchamrevieww/video/7323011232401739026,"11,9428322","108,4288058","11,9428322","108,4288058"
,E089,Cơm gà sốt trứng Ku Bốc,4.6,Trưa/Tối,10:00 - 20:00,1.000 - 100.000,"36 Đ. Mạc Đĩnh Chi, Phường 5, Đà Lạt, Lâm Đồng 610000, Vietnam",https://www.tiktok.com/@vanniedidau/video/7515413317934927111,"11,9401784","108,4285601","11,9401784","108,4285601"
,E090,Nậm nướng Đà Lạt,4.9,Tối,16:00 - 23:00,100.000 - 300.000,"07 Đ. Hoàng Diệu, Phường 5, Đà Lạt, Lâm Đồng 670000, Vietnam",https://www.tiktok.com/@dalatreviewtattantat/video/7315640878326975746,"11,9425398","108,4305272","11,9425398","108,4305272"
,E091,Quán bánh ướt lòng gà Hà Phương,4.7,Sáng/Trưa,6:00 - 17:00,1.000 - 100.000,"KQH Hoàng Diệu/Lô F5 Đặng Thùy Trâm, Phường 5, Đà Lạt, Lâm Đồng, Vietnam",https://www.google.com/search?sca_esv=7d7454be0ae0f110&sxsrf=AE3TifNywROyYXnPT_BFC2CY15wBamzMRw:1761446178940&si=AMgyJEtREmoPL4P1I5IDCfuA8gybfVI2d5Uj7QMwYCZHKDZ-E0fDPXldvqCfRPgWPGAQLbtIAJh3FiN3QWkwhTdQ-KxPaH81Wl1a7J0zQFneY-d_vRsjEd50AywoFRxim6pwLKSMsP8BlnW8HnUzfdEYVw52RdSUttD2t27pRpHoOqMsmWriRM-FMaLKQUQisRxNmoJb3tY6&q=Qu%C3%A1n+b%C3%A1nh+%C6%B0%E1%BB%9Bt+l%C3%B2ng+g%C3%A0+H%C3%A0+Ph%C6%B0%C6%A1ng+B%C3%A0i+%C4%91%C3%A1nh+gi%C3%A1&sa=X&ved=2ahUKEwiwq6Wu6sCQAxWrgq8BHVM-FlsQ0bkNegQIJxAD&biw=1707&bih=791&dpr=1.5,"11,9415442","108,4261847","11,9415442","108,4261847"
Phường 6,E092,STEAK NGON,4.6,Trưa/Tối,10:00 - 22:00,,"61 Đ. Mai Hắc Đế, Phường 6, Đà Lạt, Lâm Đồng 66000, Vietnam",https://www.tiktok.com/@nguyenphudalat/video/7225475101272116486,"11,9482137","108,4300272","11,9482137","108,4300272"
,E093,Quán Bản Đôn Đà Lạt - Thịt Rừng & Các Món Tây Nguyên,4.9,Trưa/Tối,10:00 - 22:00,200.000,"Alley 51 Đường Nguyễn An Ninh, Phường 6, Đà Lạt, Lâm Đồng, Vietnam",https://www.tiktok.com/@quannuongbandon/video/7533884603447364872,"11,9532067","108,427406","11,9532067","10,8427406"
,E094,Lẩu gà lá é Ò ó o,4.7,Trưa/Tối,9:00 - 22:00,200.000,"11 Kim Đồng, Phường 6, Đà Lạt, Lâm Đồng, Vietnam",https://www.tiktok.com/@dalatreviewtattantat/video/7225942020546710789,"11,9540628","108,4277489","11,9540628","108,4277489"
,E095,Quán Nem Nướng Cô Thu,4.7,Trưa/Tối,11:00 - 21:00,100.000,"56/13 Hải Thượng, Phường 6, Đà Lạt, Lâm Đồng, Vietnam",https://www.tiktok.com/@nguyenthimongnghi90/video/7472241643219897618,"11,9435502","108,4312228","11,9435502","108,4312228"
,E096,Phở - Lẩu Bò Gia Lâm Đà Lạt,5.0,Sáng/Trưa/Tối,6:00 - 21:20,100.000,"30 đường Ngô Quyền, Phường 6, Đà Lạt, Lâm Đồng 670000, Vietnam",https://www.tiktok.com/@davidhungfromdalatcity/video/7552882481947610375,"11,9542788","108,4275467","11,9542788","108,4275467"
,E097,Bánh Mì Chảo 303,4.8,Sáng/Trưa,6:00 - 13:00,100.000,"303 Đường Hai Bà Trưng, Phường 6, Đà Lạt, Lâm Đồng 670000, Vietnam",https://www.tiktok.com/@ngocduy_diachianuong/video/7343567522605681922,"11,95278","108,4308462","0,1195278","108,4308462"
,E098,Kiều Quán - Bánh Cuốn Bún Chả Hà Nội,4.7,Sáng/Trưa/Tối,6:00 - 22:00,100.000,"242A Đường Hai Bà Trưng, phường 6, Đà Lạt, Lâm Đồng 670000, Vietnam",https://www.google.com/search?sca_esv=7d7454be0ae0f110&sxsrf=AE3TifNAlEHJSpKxpXIUV18SVLZx5-_FUw:1761446477529&si=AMgyJEtREmoPL4P1I5IDCfuA8gybfVI2d5Uj7QMwYCZHKDZ-E3PYCkWd0BYIb8tcFmZXYCbyieTQxI1Qh8Fk4jDbLyBeYW2ZOc_Zob1Opm0J1Mu-Eq_L4sC3jtqLqMrSnsJpPzMUOoPppChPij1FKkCwddYY_4VaL9VeKJKRwrkRZOXBMrw2serFlJabzA3RrZCQNoEAPj1u&q=Ki%E1%BB%81u+Qu%C3%A1n+-+B%C3%A1nh+Cu%E1%BB%91n+B%C3%BAn+Ch%E1%BA%A3+H%C3%A0+N%E1%BB%99i+B%C3%A0i+%C4%91%C3%A1nh+gi%C3%A1&sa=X&ved=2ahUKEwjP4dW868CQAxVAslYBHUU5CmcQ0bkNegQIIRAD&biw=1707&bih=791&dpr=1.5,"11,9486317","108,4333025","11,9486317","108,4333025"
,E099,Quán Mỳ Quảng Bà Tâm Đà Lạt,5.0,Sáng/Trưa/Tối,6:00 - 21:00,100.000,"60 Đường Phạm Ngọc Thạch, Phường 6, Đà Lạt, Lâm Đồng 670000, Vietnam",https://www.google.com/search?sca_esv=7d7454be0ae0f110&sxsrf=AE3TifP8wR3oHTr3ewKWHxQUvQb_NY3myA:1761446501329&si=AMgyJEtREmoPL4P1I5IDCfuA8gybfVI2d5Uj7QMwYCZHKDZ-E2Ymd8GxIFwv3RVWZrYAdDoyVpzmKCuZCm6DCatXtj-mMDOQ03XT-w4nS4gCjn6HUfWaBHUv87hJZLBBdvn_nc5_zRCEMC78tRQLDo2fmlJduCF8r9eMYZJnwVsbvFoZVvAz1_U%3D&q=Qu%C3%A1n+M%E1%BB%B3+Qu%E1%BA%A3ng+B%C3%A0+T%C3%A2m+%C4%90%C3%A0+L%E1%BA%A1t+B%C3%A0i+%C4%91%C3%A1nh+gi%C3%A1&sa=X&ved=2ahUKEwiIvYLI68CQAxXH1zQHHbfNLD4Q0bkNegQIJxAE&biw=1707&bih=791&dpr=1.5,"11,9449052","108,4316928","11,9449052","108,4316928"
,E100,Xuyên Tiêu - Lẩu Hong Kong,4.9,Trưa/Tối,11:00 - 14:00 và 17:00 - 22:00,300.000,"45 Đường Hai Bà Trưng, Phường 6, Đà Lạt, Lâm Đồng, Vietnam",https://www.tiktok.com/@vulangthangne/video/7517965693631925511,"11,9434542","108,4326518","11,9434542","108,4326518"
,E101,Tiệm cơm nhà Pig - Piggies Rice House,5.0,Trưa/Tối,11:00 - 23:00,1.000 - 100.000,"Hẻm 217 Ngô Quyền, Phường 6, Đà Lạt, Lâm Đồng, Vietnam",Tạm đóng cửa,"11,9582701","108,4263562","11,9582701","108,4263562"
Phường 7,E102,Quán phở Uyên,4.4,Sáng/Trưa,7:00 - 17:00,50.000,"167 Xô Viết Nghệ Tĩnh, Phường 7, Đà Lạt, Lâm Đồng, Vietnam",https://vt.tiktok.com/ZSUwyU4WK/,"11,9690056","108,4277496","11,9690056","108,4277496"
,E103,KHÓI - Lẩu & Nướng,4.8,Trưa/Tối,11:00 - 23:00,100.000 - 200.000,"206 Xô Viết Nghệ Tĩnh, Phường 7, Đà Lạt, Lâm Đồng, Vietnam",https://vt.tiktok.com/ZSUwypDav/,"11,9652349","108,4326936","11,9652349","108,4326936"
,E104,Bún Tộ Hoàng Hiền Măng Line,4.6,Sáng/Trưa,6:00 - 17:00,1.000 - 100.000,"127 Xô Viết Nghệ Tĩnh, Phường 7, Đà Lạt, Lâm Đồng, Vietnam",https://vt.tiktok.com/ZSUwynXx7/,"11,9621579","108,4335707","11,9621579","108,4335707"
,E105,Nem Nướng - Chả Ram Bắp Hoàng Hải - Nướng than truyền thống.,4.8,Trưa/Tối,13:00 - 21:00,1.000 - 100.000,"12 La Sơn Phu Tử, Phường 7, Đà Lạt, Lâm Đồng 670000, Vietnam",https://vt.tiktok.com/ZSUwfLa4y/,"11,9549702","108,4312327","11,9549702","108,4312327"
,E106,Xôi Xéo Cô Ba,3.9,Sáng/Trưa/Tối,6:00 - 20:30,1.000 - 100.000,"05 Đường Bạch Đằng, Phường 7, Đà Lạt, Lâm Đồng, Vietnam",https://vt.tiktok.com/ZSUwfY43e/,"11,960704","108,4254138","1,1960704","108,4254138"
,E107,Cơm gà A Kê,4.7,Trưa/Tối,10:00 - 20:00,1.000 - 100.000,"56 Xô Viết Nghệ Tĩnh, Phường 7, Đà Lạt, Lâm Đồng, Vietnam",https://vt.tiktok.com/ZSUwfSP93/,"11,9627507","108,4327859","11,9627507","108,4327859"
Phường 8,E108,Tiệm Nướng Ú Nu,4.8,Trưa/Tối,10:00 - 23:00,200.000 - 300.000,"39 Đường Trần Đại Nghĩa, Phường 8, Đà Lạt, Lâm Đồng 670000, Vietnam",https://www.tiktok.com/@dalatangi.1phutdalat/video/7409536563798936849?q=Ti%E1%BB%87m%20N%C6%B0%E1%BB%9Bng%20%C3%9A%20Nu&t=1761486416321,"11,972013","108,4515108","1,1972013","108,4515108"
,E109,TỤT NƯỚNG: Tiệm nướng Đà Lạt,5.0,Trưa/Tối,10:00 - 24:00,300.000 - 400.000,"4 Đường Trần Khánh Dư, Phường 8, Đà Lạt, Lâm Đồng, Vietnam",https://www.tiktok.com/@tutoidalat/video/7364806293426654471?q=t%E1%BB%A5t%20n%C6%B0%E1%BB%9Bng%20%C4%91%C3%A0%20l%E1%BA%A1t&t=1761486738437,"11,9577452","108,4409735","11,9577452","108,4409735"
,E110,Lẩu chay Hằng Thiện Đà Lạt,4.9,Trưa/Tối,8:00 - 20:00,1.000 - 100.000,"265/4 Đ. Bùi Thị Xuân, Phường 8, Đà Lạt, Lâm Đồng, Vietnam",https://www.tiktok.com/@haibagiau40/video/7297867369848851730?q=L%E1%BA%A9u%20chay%20H%E1%BA%B1ng%20Thi%E1%BB%87n%20%C4%90%C3%A0%20L%E1%BA%A1t&t=1761486836883,"11,9537592","108,4403689","11,9537592","108,4403689"
,E111,Quán cơm Minh Hiền,5.0,Trưa/Tối,10:00 - 22:00,1.000 - 100.000,"1 Hẻm 1P-2T Phù Đổng Thiên Vương, Phường 8, Đà Lạt, Lâm Đồng 670000, Vietnam","https://www.google.com/maps/place/Qu%C3%A1n+c%C6%A1m+Minh+Hi%E1%BB%81n/@11.9583284,108.4404586,1103m/data=!3m1!1e3!4m8!3m7!1s0x3171136bfdd8b969:0xf0101978d8cd07cd!8m2!3d11.9583232!4d108.4430335!9m1!1b1!16s%2Fg%2F11hzsv6kr1?entry=ttu&g_ep=EgoyMDI1MTAyMi4wIKXMDSoASAFQAw%3D%3D","11,9576159","108,4432948","11,9576159","108,4432948"
,E112,Quán nướng Lơ-ghim Grill & Chill Đà Lạt,4.6,Tối,17:00 - 22:00,200.000 - 300.000,"38 Đường Võ Trường Toản, Phường 8, Đà Lạt, Lâm Đồng, Vietnam",https://www.tiktok.com/@quannuong_loghim_dalat/video/7451939727999110407?q=Qu%C3%A1n%20n%C6%B0%E1%BB%9Bng%20L%C6%A1-ghim%20Grill%20%26%20Chill%20%C4%90%C3%A0%20L%E1%BA%A1t&t=1761487053377,"11,9593775","108,4457542","11,9593775","108,4457542"
,E113,Chill Garden Buffet,4.9,Tối,16:30 - 22:30,200.000 - 300.000,"2c Đường Vạn Kiếp, Phường 8, Đà Lạt, Lâm Đồng, Vietnam",https://www.tiktok.com/@buffet.chill.garden/video/7516163803445218578?q=chill%20garden%20buffet%20%C4%91%C3%A0%20l%E1%BA%A1t&t=1761487258258,"11,9621063","108,434258","11,9621063","10,8434258"
,E114,Phở Mân Đà Lạt (Pho Man - Vietnamese Beef Noodles),4.9,Sáng/Trưa,6:00 - 12:00,1.000 - 100.000,"8 Đường Trần Quang Khải, street, Đà Lạt, Lâm Đồng 670000, Vietnam",https://www.tiktok.com/@banandalat/video/7505260185452055815?q=Ph%E1%BB%9F%20M%C3%A2n%20%C4%90%C3%A0%20L%E1%BA%A1t&t=1761487555963,"11,9654085","108,4438537","11,9654085","108,4438537"
,E115,Lẩu Dê Lâm Ký,4.4,Sáng/Trưa/Tối,Cả ngày,200.000 - 300.000,"2 Đường Ngô Tất Tố, Phường 8, Đà Lạt, Lâm Đồng, Vietnam",https://www.tiktok.com/@933494987_call/video/7561796224009981192?t=1761487593448,"11,9763073","108,4465796","11,9763073","108,4465796"
,E116,Tiệm mì Ramen Chisai,4.6,Trưa/Tối,11:00 - 21:00,1.000 - 100.000,"33/72 Nguyễn Công Trứ, P.8, Đà Lạt, Lâm Đồng, Vietnam",https://www.tiktok.com/@chuyennhauyen/video/7318277069572459797?q=ti%E1%BB%87m%20m%C3%AC%20ramen%20chisai%20%C4%91%C3%A0%20l%E1%BA%A1t&t=1761487834474,"11,9552171","108,4405055","11,9552171","108,4405055"
,E117,Căn tin 59 - Quán ăn vặt Đà Lạt,4.8,Tối,14:00 - 21:00,1.000 - 100.000,"2 Đ. Trần Nhân Tông, Phường 8, Đà Lạt, Lâm Đồng 670000, Vietnam",https://www.tiktok.com/@julepe.sheen/video/7503944643298479378?q=C%C4%83n%20tin%2059%20-%20Qu%C3%A1n%20%C4%83n%20v%E1%BA%B7t%20%C4%90%C3%A0%20L%E1%BA%A1t&t=1761487911706,"11,9510094","108,448585","11,9510094","10,8448585"
Phường 9,E118,CÔ SINH - gà nướng cơm lam,4.5,Trưa/Tối,8:30 - 20:00,200.000,"86 Đ. Hùng Vương, Phường 9, Đà Lạt, Lâm Đồng, Việt Nam",https://www.tiktok.com/@di.cung.nhan/video/7461983196977138951?q=g%C3%A0%20n%C6%B0%E1%BB%9Bng%20c%C6%A1m%20lam%20c%C3%B4%20sinh%20%C4%91%C3%A0%20l%E1%BA%A1t&t=1761488018786,"11,9494081","108,4736109","11,9494081","108,4736109"
,E119,Tiệm cơm ÚT HIỀN,4.5,Trưa/Tối,10:00 - 20:00,100.000,"1/7, Đ. Trần Quý Cáp, Phường 9, Đà Lạt, Lâm Đồng 66000, Việt Nam",https://www.tiktok.com/@didalatcungtruc/video/7528237555851070728?q=ti%E1%BB%87m%20c%C6%A1m%20%C3%BAt%20hi%E1%BB%81n%20%C4%91%C3%A0%20l%E1%BA%A1t&t=1761488132070,"11,9481964","108,4638052","11,9481964","108,4638052"
,E120,Mỳ quảng Hằng,3.8,Trưa,11:00–16:00,100.000,"65 Đường Trạng Trình, Phường 9, Đà Lạt, Lâm Đồng, Việt Nam",https://www.tiktok.com/@reviewdalatdiaphuong/video/7480505680512765204?q=m%C3%AC%20qu%E1%BA%A3ng%20h%E1%BA%B1ng%20%C4%91%C3%A0%20l%E1%BA%A1t&t=1761488150611,"11,9522537","108,4571224","11,9522537","108,4571224"
,E121,Chén Đúc Nóng,4.9,Trưa/Tối,14:00–18:00,100.000,"Đ. Nguyễn Đình Chiểu, Phường 9, Đà Lạt, Lâm Đồng 66000, Việt Nam",https://www.tiktok.com/@vietanh1502_/video/7469751039697161490?q=ch%C3%A9n%20%C4%91%C3%BAc%20n%C3%B3ng%20%C4%91%C3%A0%20l%E1%BA%A1t&t=1761488230894,"11,9507887","108,4599168","11,9507887","108,4599168"
,E122,Kaki Ramen,4.9,Trưa/Tối,11:00–20:00,100.000,"1/4, Đ. Nguyễn Đình Chiểu, Phường 9, Đà Lạt, Lâm Đồng 66000, Việt Nam",https://www.tiktok.com/@mee.dalat/video/7513033901779012871?q=kaki%20ramen%20%C4%91%C3%A0%20l%E1%BA%A1t&t=1761488301575,"11,9496741","108,4631282","11,9496741","108,4631282"
,E123,The HOT Beer Garden,4.3,Tối,16:30–00:00,200.000 - 300.000,"28 D. Sương Nguyệt Anh, Phường 9, Đà Lạt, Lâm Đồng, Việt Nam",https://www.tiktok.com/@thehot.dalat/video/7535736983381888274?q=the%20hot%20bear%20garden%20%C4%91%C3%A0%20l%E1%BA%A1t&t=1761488399507,"11,9506469","108,4561551","11,9506469","108,4561551"
,E124,Mỳ Quảng Đại Lộc,4.7,Sáng/Trưa/Tối,6:00 - 18:30,100.000,"242 Yersin, Phường 9, Đà Lạt, Lâm Đồng, Việt Nam","https://www.google.com/maps/place/M%E1%BB%B3+Qu%E1%BA%A3ng+%C4%90%E1%BA%A1i+L%E1%BB%99c/@11.950593,108.4542744,1103m/data=!3m1!1e3!4m8!3m7!1s0x317113e622a83897:0x948f811fc7d7e4a!8m2!3d11.9505878!4d108.4568493!9m1!1b1!16s%2Fg%2F11s8_bchlf?entry=ttu&g_ep=EgoyMDI1MTAyMi4wIKXMDSoASAFQAw%3D%3D","11,9504458","108,4567553","11,9504458","108,4567553"
,E125,Cơm Niêu Ngọc Phượng,4.1,Sáng/Trưa/Tối,8:00 - 21:00,100.000 - 200.000,"26 D. Sương Nguyệt Anh, Phường 9, Đà Lạt, Lâm Đồng 670000, Việt Nam","https://www.google.com/maps/place/C%C6%A1m+Ni%C3%AAu+Ng%E1%BB%8Dc+Ph%C6%B0%E1%BB%A3ng/@11.9505495,108.4535216,1103m/data=!3m1!1e3!4m8!3m7!1s0x3171131bae5b3f9f:0x6beab7120d835c0!8m2!3d11.9505443!4d108.4560965!9m1!1b1!16s%2Fg%2F11syf8_8z8?entry=ttu&g_ep=EgoyMDI1MTAyMi4wIKXMDSoASAFQAw%3D%3D","11,9505443","108,4560965","11,9505443","108,4560965"
,E126,Papa Restaurant,4.0,Sáng/Trưa/Tối,9:00 - 22:00,100.000 - 200.000,"47 D. Sương Nguyệt Anh, Phường 9, Đà Lạt, Lâm Đồng, Việt Nam",https://www.tiktok.com/@hoangthanhnga.amber/video/7534235411749604626?q=papa%20restaurant%20%C4%91%C3%A0%20l%E1%BA%A1t&t=1761488889994,"11,9501452","108,4556792","11,9501452","108,4556792"
,E127,Quán cơm Linh Đà Lạt - Sương Nguyệt Anh,4.9,Trưa/Tối,9:00 - 22:00,100.000 - 200.000,"23 D. Sương Nguyệt Anh, Phường 9, Đà Lạt, Lâm Đồng 66100, Việt Nam",https://www.tiktok.com/@quancomlinhdalat/video/7373904592679062792?q=Qu%C3%A1n%20c%C6%A1m%20Linh%20%C4%90%C3%A0%20L%E1%BA%A1t%20-%20S%C6%B0%C6%A1ng%20Nguy%E1%BB%87t%20Anh&t=1761488941253,"11,9501636","108,4552503","11,9501636","108,4552503"
,E128,CƠM - TIỀM THUỐC BẮC (Tiềm THẮNG 2),4.7,Trưa/Tối,10:00 - 22:00,100.000 - 200.000,"Đ. Nguyễn Đình Chiểu, Phường 9, Đà Lạt, Lâm Đồng, Việt Nam","https://www.google.com/maps/place/C%C6%A0M+-+TI%E1%BB%80M+THU%E1%BB%90C+B%E1%BA%AEC+(Ti%E1%BB%81m+TH%E1%BA%AENG+2)/@11.9508347,108.4544676,1103m/data=!3m1!1e3!4m8!3m7!1s0x317113e4968c3a67:0x4ee10a86a91c58f3!8m2!3d11.9508295!4d108.4570425!9m1!1b1!16s%2Fg%2F11tp5rf662?entry=ttu&g_ep=EgoyMDI1MTAyMi4wIKXMDSoASAFQAw%3D%3D","11,9507887","108,4599168","11,9507887","108,4599168"
,E129,Pizza Việt (Pizza nướng củi),4.7,Sáng/Trưa/Tối,9:00 - 20:00,100.000 - 200.000,"22 Phan Chu Trinh, Phường 9, Đà Lạt, Lâm Đồng, Việt Nam",https://www.tiktok.com/@diadiemanuong/video/7385482054269422855?q=pizza%20n%C6%B0%E1%BB%9Bng%20c%E1%BB%A7i%20%C4%91%C3%A0%20l%E1%BA%A1t&t=1761489086225,"11,9499199","108,4653928","11,9499199","108,4653928"
,E130,Jollibee Phan Chu Trinh,4.8,Sáng/Trưa/Tối,9:00 - 21:00,100.000,"1 Phan Chu Trinh, Phường Lâm Viên, Đà Lạt, Lâm Đồng, Việt Nam",https://www.tiktok.com/@jollibee_pct_dalat/video/7446803468662082834?q=jollibee%20phan%20chu%20trinh%20%C4%91%C3%A0%20l%E1%BA%A1t&t=1761489170162,"11,9486363","108,4637449","11,9486363","108,4637449"
,E131,Cá tầm ánh dương Đà lạt,5.0,Trưa/Tối,10:00 - 22:30,100.000 - 200.000,"đầu, Phan Chu Trinh/1 Đ. Trần Quý Cáp, Phường 9, Đà Lạt, Lâm Đồng 670000, Việt Nam",https://www.tiktok.com/@linhthao1982/video/7544002518288715026?q=l%E1%BA%A9u%20c%C3%A1%20t%E1%BA%A7m%20%C3%A1nh%20d%C6%B0%C6%A1ng%20%C4%91%C3%A0%20l%E1%BA%A1t&t=1761489217189,"11,9486363","108,4637449","11,9486363","108,4637449"
,E132,Phở Vy,4.0,Sáng/Trưa,5:30 - 15:00,100.000,"1 Trần Quý Cáp, 9, Đà 9 Đà Lạt Vietnam, Phường 9, Đà Lạt, Lâm Đồng, Việt Nam",https://www.tiktok.com/@hien_soschildrensvillage/video/7174397608461372699?q=ph%E1%BB%9F%20vy%20%C4%91%C3%A0%20l%E1%BA%A1t&t=1761489284909,"11,9481964","108,4638052","11,9481964","108,4638052"
,E133,Nem Nướng Hoàng Hải,4.9,Trưa/Tối,14:00 - 20:00,100.000,"2 Đ. Trần Quý Cáp, Phường 9, Đà Lạt, Lâm Đồng",https://www.tiktok.com/@tranliendoanh_99/video/7525661820254719250?q=nem%20n%C6%B0%E1%BB%9Bng%20ho%C3%A0ng%20h%E1%BA%A3i%20%C4%91%C3%A0%20l%E1%BA%A1t&t=1761489333614,"11,9470859","108,4636436","11,9470859","108,4636436"
,E134,Bếp Khói - Sườn Cay Khổng Lồ Đà Lạt,4.7,Trưa/Tối,10:30 - 14:00 và 16:30 - 22:00,100.000 - 200.000,"42 Phan Chu Trinh, Phường 9, Đà Lạt, Lâm Đồng 66000, Việt Nam",https://www.tiktok.com/@du_lich_dalat/video/7509778387729157383?q=s%C6%B0%E1%BB%9Dn%20cay%20kh%E1%BB%95ng%20l%E1%BB%93%20%C4%91%C3%A0%20l%E1%BA%A1t%202025&t=1761489366027,"11,9511302","108,4653664","11,9511302","108,4653664"
,E135,Mì Cay SEOUL Đà Lạt CN2,3.6,Sáng/Trưa/Tối,9:00 - 22:00,100.000,"26 Đ. Nguyễn Đình Chiểu, Phường 9, Đà Lạt, Lâm Đồng 66000, Việt Nam",https://www.tiktok.com/@diu_cute03/video/7538660986773851400?q=m%C3%AC%20cay%20seoul%20%C4%91%C3%A0%20l%E1%BA%A1t%20cn2&t=1761489432780,"11,9507568","108,4614517","11,9507568","108,4614517"
,E136,Quán Lệ Dung,5.0,Sáng/Trưa/Tối,9:00 - 20:00,100.000 - 200.000,"5 Hồ Xuân Hương, Phường 9, Đà Lạt, Lâm Đồng, Việt Nam","https://www.google.com/maps/place/Le+Dung+Restaurant/@11.9541426,108.4680197,1103m/data=!3m1!1e3!4m8!3m7!1s0x317112f96ba16421:0xafc253ca24441412!8m2!3d11.9541374!4d108.4705946!9m1!1b1!16s%2Fg%2F1hc0z__ld?entry=ttu&g_ep=EgoyMDI1MTAyMi4wIKXMDSoASAFQAw%3D%3D","11,9542767","108,4706617","11,9542767","108,4706617"
,E137,Cơm tấm thiện nhân,4.5,Sáng/Trưa,6:30 - 15:30,100.000,"43 Đ. Hùng Vương, Phường 9, Đà Lạt, Lâm Đồng, Việt Nam","https://www.google.com/maps/place/C%C6%A1m+t%E1%BA%A5m+thi%E1%BB%87n+nh%C3%A2n/@11.9475265,108.4629844,1103m/data=!3m1!1e3!4m8!3m7!1s0x317112fd7d0c9b33:0xd405f03da5c536a6!8m2!3d11.9475213!4d108.4655593!9m1!1b1!16s%2Fg%2F11gdq14wp9?entry=ttu&g_ep=EgoyMDI1MTAyMi4wIKXMDSoASAFQAw%3D%3D","11,9477404","108,4655885","11,9477404","108,4655885"
Phường 10,E138,Quán cơm Linh Đà Lạt,4.7,Trưa/Tối,10:30 - 15:30 và 17:00 - 19:30,200.000,"11 Lê Văn Tám, Phường 10, Đà Lạt, Lâm Đồng 66100, Việt Nam",https://www.tiktok.com/@quancomlinhdalat/video/7486800242541645074?q=Qu%C3%A1n%20c%C6%A1m%20Linh%20%C4%90%C3%A0%20L%E1%BA%A1t&t=1761489606083,"11,9381854","108,4556365","11,9381854","108,4556365"
,E139,Tiệm ăn Bếp Đà Lạt,5.0,Sáng/Trưa,6:00-14:00,50.000,"89 Hoàng Hoa Thám, Phường 10, TP. Đà Lạt",https://www.tiktok.com/@ngocduy_diachianuong/video/7304961587364777224?q=Ti%E1%BB%87m%20%C4%82n%20B%E1%BA%BFp%20%C4%90%C3%A0%20L%E1%BA%A1t&t=1761489656187,"11,9336841","108,4648486","11,9336841","108,4648486"
,E140,Mì quảng Hội An,4.2,Sáng/Trưa/Tối,6:30-12:00 và 15:30-20:00,100.000,"14 Yersin, Phường 10, Đà Lạt, Lâm Đồng",https://www.tiktok.com/@hatpunn/video/7342889684097305864?q=m%C3%AC%20qu%E1%BA%A3ng%20h%E1%BB%99i%20an%2014%20yersin&t=1761489752133,"11,9400682","108,4493418","11,9400682","108,4493418"
,E141,Bánh căn Lệ,4.3,Sáng/Trưa,6:30-15:30,100.000,"27/44 Yersin, Phường 10, Đà Lạt",https://www.tiktok.com/@hatrangnee/video/7400022301862923538?q=B%C3%A1nh%20c%C4%83n%20l%E1%BB%87%20%C4%91%C3%A0%20l%E1%BA%A1t&t=1761489813380,"11,9422806","108,4505862","11,9422806","108,4505862"
,E142,Nhà Hàng Cá Tầm Khe Sanh,4.5,Trưa/Tối,11:00-21:00,200.000," 7 Khe Sanh, Phường 10, TP. Đà Lạt",https://www.tiktok.com/@sarahnguyen_95/video/7551083146905783572?q=c%C3%A1%20t%E1%BA%A7m%20khe%20sanh%20%C4%91%C3%A0%20l%E1%BA%A1t&t=1761489926802,"11,9379081","108,4591867","11,9379081","108,4591867"
,E143,Lẩu Dê Phúc Nguyên Đà Lạt,4.1,Trưa/Tối,10:00-21:30,200.000,"Số 32 đường Trần Hưng Đạo, Phường 10, Thành phố Đà Lạt",https://www.tiktok.com/@ancungsuuu/video/7519012536532995346?q=L%E1%BA%A9u%20D%C3%AA%20Ph%C3%BAc%20Nguy%C3%AAn%20%C4%90%C3%A0%20L%E1%BA%A1t&t=1761489980350,"11,9398582","108,4578932","11,9398582","108,4578932"
,E144,Bánh căn cô Lãnh,4.6,Sáng,6:00-10:00,100.000,"69 Hoàng Hoa Thám, Phường 10, Thành phố Đà Lạt",https://www.tiktok.com/@hatrangnee/video/7330598880188353799?q=b%C3%A1nh%20c%C4%83n%20c%C3%B4%20l%C3%A3nh%20%C4%91%C3%A0%20l%E1%BA%A1t&t=1761490022997,"11,9354936","108,4645233","11,9354936","108,4645233"
,E145,Lẩu bò Balu Đà Lạt,4.8,Trưa/Tối,11:00-22:00,100.000 - 200.000,"104 Đ.Hoàng Hoa Thám, Phường 10, Đà Lạt","https://www.google.com/maps/place/L%E1%BA%A8U+B%C3%92+%C4%90%C3%80+L%E1%BA%A0T+BALU/@11.9316827,108.4620591,1103m/data=!3m1!1e3!4m8!3m7!1s0x317113c80d9640d9:0xcad370d0e1aa2f3d!8m2!3d11.9316775!4d108.464634!9m1!1b1!16s%2Fg%2F11tk6m6p9v?entry=ttu&g_ep=EgoyMDI1MTAyMi4wIKXMDSoASAFQAw%3D%3D","11,9317685","108,4642595","11,9317685","108,4642595"
,E146,Tiệm cơm Hồi Nớ,4.5,Sáng/Trưa,9:00-16:00,100.000,"4 Trần Hưng Đạo, Phường 10, Thành phố Đà Lạt.",https://www.tiktok.com/@huan_doan/video/7496543131639270663?q=Ti%E1%BB%87m%20C%C6%A1m%20H%E1%BB%93i%20N%E1%BB%9B%20%C4%90%C3%A0%20L%E1%BA%A1t&t=1761490103081,"11,9380966","108,4522423","11,9380966","108,4522423"
Phường 11,E147,TIỆM LẨU NHỚ,4.7,Trưa/Tối,11:00 - 22:00,200.000,"678 Đ. Hùng Vương, Phường 11, Đà Lạt, Lâm Đồng 670000, Việt Nam",https://www.tiktok.com/@manh.tdd/video/7468196116396346632?is_from_webapp=1&sender_device=pc&web_id=7566456434167318034,"11,9448216","108,4880805","11,9448216","108,4880805"
,E148,Tiệm nướng Campi,4.9,Tối,16:00 - 22:00,250.000,"31 Sào Nam, Phường 11, Đà Lạt, Lâm Đồng, Việt Nam",https://www.tiktok.com/@campihelo/video/7552147212210326804?is_from_webapp=1&sender_device=pc&web_id=7566456434167318034,"11,9434662","108,4850796","11,9434662","108,4850796"
,E149,Tiệm Nướng Ông Thương,4.8,Trưa/Tối,11:00 - 21:30,300.000,"74 Sào Nam, Phường 11, Đà Lạt, Lâm Đồng 671000, Việt Nam",https://www.tiktok.com/@lananhne95/video/7222864455967739162?is_from_webapp=1&sender_device=pc&web_id=7566456434167318034,"11,946016","108,4879841","1,1946016","108,4879841"
,E150,Bún Cá Cay,4.8,Sáng/Trưa/Tối,6:30 - 21:30,100.000,"35 Đường Bùi Thị Xuân, Phường Xuân Hương, Đà Lạt, Lâm Đồng 66000, Việt Nam",https://www.tiktok.com/@thdoan2203/video/7362193923197963527?is_from_webapp=1&sender_device=pc&web_id=7566456434167318034,"11,9446883","108,4394571","11,9446883","108,4394571"
,E151,Quán Cao Nguyên,4.1,Sáng/Trưa/Tối,09:00–22:30,150.000,"166 Đ. Hùng Vương, Phường 11, Đà Lạt, Lâm Đồng, Việt Nam",,"11,9399631","108,48367","11,9399631","1,0848367"
,E152,Lẩu Bò Nhà Gỗ - Đồi Dã Chiến,4.7,Trưa/Tối,10.00 - 20.00,150.000,"Đ. Hùng Vương, Phường 11, Đà Lạt, Lâm Đồng, Việt Nam",https://www.tiktok.com/@laubonhago07/video/7566138271202348306?is_from_webapp=1&sender_device=pc&web_id=7566456434167318034,"11,9439041","108,4764606","11,9439041","108,4764606"
,E153,Bánh căn Dung,4.9,Sáng/Trưa,6:30 - 15:30,100.000,"160 Tự Phước, Phường 11, Đà Lạt, Lâm Đồng, Việt Nam",https://www.tiktok.com/@annathinan/video/7515236326908693778?is_from_webapp=1&sender_device=pc&web_id=7566456434167318034,"11,9459877","108,4999051","11,9459877","108,4999051"
,E154,Tiệm Nướng Đồi Nhà Đèn,4.7,Trưa/Tối,15:00 - 23:00,150.000,"49B Tổ, Sào Nam/Cuối Đ. Hùng Vương, Gần Làng, Đà Lạt, Lâm Đồng 66000, Việt Nam",https://www.tiktok.com/@doinhadendalat/video/7566416472768105746?is_from_webapp=1&sender_device=pc&web_id=7566456434167318034,"11,9466352","108,4882118","11,9466352","108,4882118"
,E155,Nhà hàng Túi Mơ To Garden Restaurant,4.7,Trưa/Tối,10:30 - 22:00,300.000,"Hẻm 31 Sào Nam, Phường 11, Đà Lạt, Lâm Đồng 66100, Việt Nam",https://www.tiktok.com/@ngocduy_diachianuong/video/7560293719254043912?is_from_webapp=1&sender_device=pc&web_id=7566456434167318034,"11,9434662","108,4850796","11,9434662","108,4850796"
,E156,Cơm Niêu Lộc Ký Đà Lạt,4.3,Sáng/Trưa/Tối,7:30 - 22:00,100.000,"109 Đ. Hùng Vương, Phường 11, Thành phố Đà Lạt, Lâm Đồng 700000, Đà Lạt, Lâm Đồng 66000, Việt Nam",,"11,9467019","108,4751945","11,9467019","108,4751945"
,E157,"Bánh Canh Cá Lóc, Miến Lươn Huế - Ngô Gia",4.6,Sáng/Trưa/Tối,5:00 - 21:30,100.000,"QL20/33 Tự Phước, Phường 11, Đà Lạt, Lâm Đồng 670000, Việt Nam",,"11,9462257","108,4921046","11,9462257","108,4921046"
Phường 12,E158,Bò Tơ Nhà Lồng,4.4,Trưa/Tối,9:00 - 22:00,200.000,"Số 2 Đồi Dã Chiến, Phường 12, Đà Lạt, Lâm Đồng 66000, Việt Nam",https://www.tiktok.com/@dalatreviewtattantat/video/7303837750917123329,"11,9384939","108,4828039","11,9384939","108,4828039"
,E159,Bánh bèo Thái Phiên,5.0,Sáng/Trưa/Tối,6:00-18:00,20.000,"27 Ngô Gia Tự, Phường 12, Đà Lạt, Lâm Đồng",https://www.google.com/search?sca_esv=c93c0cfcce8e189b&sxsrf=AE3TifNeo_TsZVNc10AW5vRKfHr2HLuOSg:1761449923691&si=AMgyJEtREmoPL4P1I5IDCfuA8gybfVI2d5Uj7QMwYCZHKDZ-E3a2s_htMvHLsAFQ9nhdT7OmFxiWjPo1HwuSfCmaXg-gMxq4Wb0lDiNf13-svnu8hQBsI-o-ZSpobW4ZzKSLguSv_84tAjbZKWt725fYPRAbMl_RBtXxA_iUoVJLCYpmX-Gu_KI%3D&q=B%C3%A1nh+B%C3%A8o+Th%C3%A1i+Phi%C3%AAn+B%C3%A0i+%C4%91%C3%A1nh+gi%C3%A1&sa=X&ved=2ahUKEwiC6Pan-MCQAxXyrlYBHY-kNR0Q0bkNegQILBAD&biw=1707&bih=791&dpr=1.5,"11,9686083","108,4752849","11,9686083","108,4752849"
,E160,Gà rán Mr.Xanu,5.0,Trưa/Tối,10:00 - 22:00,50.000,"38 Đường Thái Phiên, Phường 12, Đà Lạt, Lâm Đồng 66000",,"11,9688216","108,4778591","11,9688216","108,4778591"
,E161,Dê tươi Thái Phiên,5.0,Sáng/Trưa/Tối,Cả ngày,200.000,"11 Ngô Gia Tự, Phường 12, Đà Lạt, Lâm Đồng",https://www.google.com/search?sca_esv=8a90240044becb20&sxsrf=AE3TifN72GiSpt986691R3EZH_WQvTAxLg:1761481719204&si=AMgyJEtREmoPL4P1I5IDCfuA8gybfVI2d5Uj7QMwYCZHKDZ-E6SfIrEHy_eZ9qXqcwvdvW8KBcDYGOK5aXVcaxGF0XeWAXdtDyAtIF8I5bHAj31Pb51VuBZrdgEZDPPFpGFrJmQp1lVbU-_-_vtJKFZyeSZ4BVSTt2E_9hRk1nRpfcPNY8f5O9c%3D&q=D%C3%AA+t%C6%B0%C6%A1i+Th%C3%A1i+Phi%C3%AAn+B%C3%A0i+%C4%91%C3%A1nh+gi%C3%A1&sa=X&ved=2ahUKEwi18Zrh7sGQAxUThlYBHfNGNYAQ0bkNegQIKxAD&biw=1707&bih=791&dpr=1.5,"11,9697343","108,4754671","11,9697343","108,4754671"
,E162,Tiềm Phú 2,4.5,Sáng/Trưa/Tối,9:00 - 19:00,40.000,"39 Ngô Gia Tự, Phường 12, Đà Lạt, Lâm Đồng, Việt Nam",https://www.google.com/search?sca_esv=c93c0cfcce8e189b&sxsrf=AE3TifNa-GPr20WcYTXfPVASrhuesYXGQg:1761449828031&si=AMgyJEtREmoPL4P1I5IDCfuA8gybfVI2d5Uj7QMwYCZHKDZ-E9nIA-wwVozqf22DnyldLis5dxRT5ohgDHp-n9CKB9QFeB-rdAzqcI1CAlifngxD9e8I-Ytq7JbK4lJ9NHaZ8mL4gJ2zg5-JBqQmFd1mOcfN9RqywA%3D%3D&q=Ti%E1%BB%81m+Ph%C3%BA+2+B%C3%A0i+%C4%91%C3%A1nh+gi%C3%A1&sa=X&ved=2ahUKEwjnjaj698CQAxWt2TQHHaHeDi8Q0bkNegQIKRAD&biw=1707&bih=791&dpr=1.5,"11,9702158","108,4748578","11,9702158","108,4748578"
,E163,Bánh canh 59,5.0,Sáng/Trưa,6:00-17:00,35.000,"59 Đường Nguyễn Thái Bình, Phường 12, Đà Lạt, Lâm Đồng",,"11,9695492","108,4772524","11,9695492","108,4772524"
